{

"metadata":
{
"sourceFile": "tree.max",
"generatedBy": "3ds max ThreeJSExporter",
"formatVersion": 3.1,
"vertices": 19,
"normals": 26,
"colors": 0,
"uvs": 29,
"triangles": 26,
"materials": 1
},

"materials": [
{
"DbgIndex" : 0,
"DbgName"  : "Material #22",
"colorDiffuse"  : [0.9922, 1.0000, 0.2039],
"colorSpecular"  : [1.0000, 1.0000, 1.0000],
"opacity"  : 1.0,
"specularCoef"  : 45.0,
"vertexColors" : false
}

],

"vertices": [3.07093,0.98016,0.0,0.627554,0.868827,0.0,-0.0194711,3.22392,1.47149e-007,-0.625186,0.868827,0.0,-3.07093,0.98016,0.0,-1.00191,-0.333771,1.19209e-007,-1.86643,-2.61733,1.21072e-007,0.0180076,-1.07011,0.0,1.92944,-2.61733,1.21072e-007,1.02507,-0.333771,1.19209e-007,0.00870772,0.0,0.511134,0.00870774,0.0,-0.511134,0.379434,-3.06036,-0.224252,0.00870772,-3.06036,-0.438291,-0.362018,-3.06036,-0.224252,-0.362018,-3.06036,0.203825,0.00870784,-3.06036,0.417864,0.379434,-3.06036,0.203825,0.00870777,-0.0603617,-0.0102133],

"normals": [0.490931,0.194427,-0.849226,0.49093,0.194427,0.849226,-0.507697,0.130576,-0.851583,0.507005,0.139291,0.850614,-0.282702,-0.445166,-0.849651,0.0236568,0.519688,0.854029,-0.0236661,0.519391,-0.854209,0.283346,-0.441185,0.851511,0.331887,-0.404224,-0.852323,-0.491701,0.186152,0.850634,-0.331095,-0.409035,0.850333,0.507005,0.139291,-0.850614,-0.507697,0.130576,0.851583,0.0236567,0.519688,-0.854028,-0.282702,-0.445166,0.849651,0.283346,-0.441185,-0.851511,-0.0236662,0.519391,0.854209,-0.491701,0.186152,-0.850633,0.331887,-0.404224,0.852323,-0.331095,-0.409035,-0.850333,0.496225,0.122642,-0.859488,-0.496226,0.122642,-0.859488,-0.992451,0.122642,1.38187e-007,-0.496225,0.122642,0.859488,0.496225,0.122642,0.859488,0.992451,0.122642,0.0],

"colors": [],

"uvs": [[0.793892,0.904509,0.975528,0.654509,0.975528,0.345491,0.793893,0.0954915,0.5,0.0,0.206107,0.0954915,0.0244718,0.345491,0.0244717,0.654508,0.206107,0.904508,0.5,1.0,0.5,1.0,0.206107,0.904508,0.0244717,0.654508,0.0244718,0.345491,0.206107,0.0954915,0.5,0.0,0.793893,0.0954915,0.975528,0.345491,0.975528,0.654509,0.793892,0.904509,0.5,0.5,0.5,0.5,1.13239,0.873753,0.514513,1.23048,0.514513,0.517022,-0.103363,0.873753,-0.103363,0.160291,0.514513,-0.19644,1.13239,0.160291]],

"faces": [42,8,11,9,0,0,20,9,0,0,0,42,9,10,8,0,10,21,19,1,1,1,42,3,2,11,0,5,6,20,2,2,2,42,1,2,10,0,12,13,21,3,3,3,42,5,4,11,0,3,4,20,4,4,4,42,3,4,10,0,14,15,21,5,5,5,42,1,0,11,0,7,8,20,6,6,6,42,9,0,10,0,10,11,21,7,7,7,42,7,6,11,0,1,2,20,8,8,8,42,5,6,10,0,16,17,21,9,9,9,42,10,7,8,0,21,18,19,10,10,10,42,2,1,11,0,6,7,20,11,11,11,42,2,3,10,0,13,14,21,12,12,12,42,4,3,11,0,4,5,20,13,13,13,42,4,5,10,0,15,16,21,14,14,14,42,0,9,11,0,8,9,20,15,15,15,42,0,1,10,0,11,12,21,16,16,16,42,6,5,11,0,2,3,20,17,17,17,42,6,7,10,0,17,18,21,18,18,18,42,8,7,11,0,0,1,20,19,19,19,42,12,13,18,0,22,23,24,20,20,20,42,13,14,18,0,23,25,24,21,21,21,42,14,15,18,0,25,26,24,22,22,22,42,15,16,18,0,26,27,24,23,23,23,42,16,17,18,0,27,28,24,24,24,24,42,17,12,18,0,28,22,24,25,25,25]

}