{

"metadata":
{
"sourceFile": "tree.max",
"generatedBy": "3ds max ThreeJSExporter",
"formatVersion": 3.1,
"vertices": 78,
"normals": 152,
"colors": 0,
"uvs": 114,
"triangles": 152,
"materials": 2
},

"materials": [
{
"DbgIndex" : 0,
"DbgName"  : "Material #17",
"colorDiffuse"  : [0.0000, 0.0745, 0.2863],
"colorSpecular"  : [0.9000, 0.9000, 0.9000],
"opacity"  : 1.0,
"specularCoef"  : 36.0,
"vertexColors" : false
},

{
"DbgIndex" : 1,
"DbgName"  : "Material #16",
"colorDiffuse"  : [0.8118, 0.8118, 0.8118],
"colorSpecular"  : [0.9000, 0.9000, 0.9000],
"opacity"  : 1.0,
"specularCoef"  : 13.0,
"vertexColors" : false
}

],

"vertices": [0.0,0.825599,-0.47666,-0.23833,0.825599,-0.4128,-0.4128,0.825599,-0.23833,-0.47666,0.825599,0.0,-0.4128,0.825599,0.23833,-0.23833,0.825599,0.4128,-2.21605e-007,0.825599,0.47666,0.23833,0.825599,0.4128,0.4128,0.825599,0.23833,0.47666,0.825599,3.71237e-007,0.4128,0.825599,-0.23833,0.23833,0.825599,-0.412799,0.0,0.47666,-0.825599,-0.4128,0.47666,-0.71499,-0.71499,0.47666,-0.4128,-0.825599,0.47666,-1.24662e-007,-0.71499,0.47666,0.4128,-0.4128,0.47666,0.71499,-3.83831e-007,0.47666,0.825599,0.412799,0.47666,0.71499,0.71499,0.47666,0.4128,0.825599,0.47666,6.43001e-007,0.71499,0.47666,-0.412799,0.4128,0.47666,-0.71499,0.0,0.0,-0.95332,-0.47666,0.0,-0.825599,-0.825599,0.0,-0.47666,-0.95332,0.0,-1.43947e-007,-0.825599,0.0,0.47666,-0.47666,0.0,0.825599,-4.4321e-007,0.0,0.95332,0.47666,0.0,0.8256,0.825599,0.0,0.476661,0.95332,0.0,7.42473e-007,0.8256,0.0,-0.476659,0.476661,0.0,-0.825599,0.0,-0.47666,-0.825599,-0.4128,-0.47666,-0.71499,-0.71499,-0.47666,-0.4128,-0.825599,-0.47666,-1.24662e-007,-0.71499,-0.47666,0.4128,-0.4128,-0.47666,0.71499,-3.83831e-007,-0.47666,0.825599,0.412799,-0.47666,0.71499,0.71499,-0.47666,0.4128,0.825599,-0.47666,6.43001e-007,0.71499,-0.47666,-0.412799,0.4128,-0.47666,-0.71499,0.0,-0.825599,-0.47666,-0.23833,-0.825599,-0.4128,-0.4128,-0.825599,-0.23833,-0.47666,-0.825599,0.0,-0.4128,-0.825599,0.23833,-0.23833,-0.825599,0.4128,-2.21605e-007,-0.825599,0.47666,0.23833,-0.825599,0.4128,0.4128,-0.825599,0.23833,0.47666,-0.825599,3.71237e-007,0.4128,-0.825599,-0.23833,0.23833,-0.825599,-0.4128,0.0,-0.95332,0.0,0.0,0.915004,-0.142998,-0.0976695,0.915004,-0.0976695,-0.142998,0.915004,0.0,-0.0976695,0.915004,0.0976694,0.0,0.915004,0.142998,0.0976694,0.915004,0.0976695,0.142998,0.915004,0.0,0.0976695,0.915004,-0.0976694,0.0,1.09677,-0.142998,-0.0976695,1.09677,-0.0976695,-0.142998,1.09677,0.0,-0.0976695,1.09677,0.0976694,0.0,1.09677,0.142998,0.0976694,1.09677,0.0976695,0.142998,1.09677,0.0,0.0976695,1.09677,-0.0976694,0.0,1.09677,0.0],

"normals": [-0.186157,0.694747,-0.694747,-0.186157,0.694747,-0.694747,-0.50859,0.694747,-0.50859,-0.50859,0.694747,-0.50859,-0.694747,0.694747,-0.186157,-0.694747,0.694747,-0.186157,-0.694747,0.694747,0.186157,-0.694747,0.694747,0.186157,-0.50859,0.694747,0.50859,-0.50859,0.694747,0.50859,-0.186157,0.694747,0.694746,-0.186157,0.694747,0.694746,0.186156,0.694747,0.694747,0.186156,0.694747,0.694747,0.508589,0.694747,0.50859,0.508589,0.694747,0.50859,0.694746,0.694747,0.186157,0.694746,0.694747,0.186157,0.694747,0.694747,-0.186156,0.694747,0.694747,-0.186156,0.50859,0.694747,-0.508589,0.50859,0.694747,-0.508589,0.186157,0.694747,-0.694746,0.186157,0.694747,-0.694746,-0.250563,0.250563,-0.935113,-0.250563,0.250563,-0.935113,-0.68455,0.250563,-0.68455,-0.68455,0.250563,-0.68455,-0.935113,0.250563,-0.250563,-0.935113,0.250563,-0.250563,-0.935113,0.250563,0.250563,-0.935113,0.250563,0.250563,-0.684551,0.250563,0.68455,-0.684551,0.250563,0.68455,-0.250563,0.250563,0.935113,-0.250563,0.250563,0.935113,0.250562,0.250563,0.935113,0.250562,0.250563,0.935113,0.68455,0.250563,0.684551,0.68455,0.250563,0.684551,0.935113,0.250563,0.250563,0.935113,0.250563,0.250563,0.935113,0.250563,-0.250562,0.935113,0.250563,-0.250562,0.684551,0.250563,-0.68455,0.684551,0.250563,-0.68455,0.250563,0.250563,-0.935113,0.250563,0.250563,-0.935113,-0.250563,-0.250563,-0.935113,-0.250563,-0.250563,-0.935113,-0.68455,-0.250563,-0.68455,-0.68455,-0.250563,-0.68455,-0.935113,-0.250563,-0.250563,-0.935113,-0.250563,-0.250563,-0.935113,-0.250563,0.250563,-0.935113,-0.250563,0.250563,-0.684551,-0.250563,0.68455,-0.68455,-0.250563,0.68455,-0.250563,-0.250563,0.935113,-0.250563,-0.250563,0.935113,0.250562,-0.250563,0.935113,0.250562,-0.250563,0.935113,0.68455,-0.250563,0.684551,0.68455,-0.250563,0.684551,0.935113,-0.250563,0.250563,0.935113,-0.250563,0.250563,0.935113,-0.250563,-0.250562,0.935113,-0.250563,-0.250562,0.684551,-0.250563,-0.68455,0.684551,-0.250563,-0.68455,0.250563,-0.250563,-0.935113,0.250563,-0.250563,-0.935113,-0.186157,-0.694747,-0.694747,-0.186157,-0.694747,-0.694747,-0.50859,-0.694747,-0.50859,-0.50859,-0.694747,-0.50859,-0.694747,-0.694747,-0.186157,-0.694747,-0.694747,-0.186157,-0.694747,-0.694747,0.186157,-0.694747,-0.694747,0.186157,-0.50859,-0.694747,0.50859,-0.50859,-0.694747,0.50859,-0.186157,-0.694747,0.694746,-0.186157,-0.694747,0.694746,0.186156,-0.694747,0.694747,0.186156,-0.694747,0.694747,0.508589,-0.694747,0.50859,0.508589,-0.694747,0.50859,0.694746,-0.694747,0.186157,0.694746,-0.694747,0.186157,0.694747,-0.694747,-0.186156,0.694747,-0.694747,-0.186156,0.50859,-0.694747,-0.508589,0.50859,-0.694747,-0.508589,0.186157,-0.694747,-0.694747,0.186157,-0.694746,-0.694747,-0.0691842,-0.963611,-0.258199,-0.189015,-0.963611,-0.189015,-0.258199,-0.963611,-0.0691842,-0.258199,-0.963611,0.0691841,-0.189015,-0.963611,0.189015,-0.0691843,-0.963611,0.258199,0.069184,-0.963611,0.258199,0.189015,-0.963611,0.189015,0.258199,-0.963611,0.0691843,0.258199,-0.963611,-0.0691839,0.189015,-0.963611,-0.189014,0.0691843,-0.963611,-0.258199,-0.105587,0.968035,-0.227508,-0.0691842,0.963611,-0.258199,-0.189015,0.963611,-0.189015,-0.256972,0.959032,-0.119261,-0.245106,0.967269,-0.0656759,-0.227508,0.968035,0.105587,-0.258199,0.963611,0.0691842,-0.189015,0.963611,0.189015,-0.119261,0.959032,0.256972,-0.065676,0.967269,0.245106,0.105587,0.968035,0.227508,0.0691841,0.963611,0.258199,0.189015,0.963611,0.189015,0.256972,0.959032,0.119261,0.245106,0.967269,0.065676,0.227508,0.968035,-0.105587,0.258199,0.963611,-0.069184,0.189015,0.963611,-0.189015,0.0691843,0.963611,-0.258199,0.105587,0.968035,-0.227508,-0.420974,0.0,-0.907073,-0.420974,0.0,-0.907073,-0.907073,0.0,-0.420974,-0.907073,0.0,-0.420974,-0.907073,0.0,0.420974,-0.907073,0.0,0.420974,-0.420974,0.0,0.907073,-0.420974,0.0,0.907073,0.420974,0.0,0.907073,0.420974,0.0,0.907073,0.907072,0.0,0.420975,0.907072,0.0,0.420975,0.907073,0.0,-0.420973,0.907073,0.0,-0.420973,0.420974,0.0,-0.907073,0.420974,0.0,-0.907073,0.0,1.0,0.0,0.0,1.0,0.0,0.0,1.0,0.0,0.0,1.0,0.0,0.0,1.0,0.0,0.0,1.0,0.0,0.0,1.0,0.0,0.0,1.0,0.0],

"colors": [],